<?xml version="1.0" encoding="utf-8" standalone="yes" ?<?vlcprint'>'?>
<?vlc --[[
vim:syntax=lua
<!--  - - - - - - - - - - - - - - - - - - - - - - - - - - - - - - - - - - >
<  status.xml: VLC media player web interface
< - - - - - - - - - - - - - - - - - - - - - - - - - - - - - - - - - - - - >
<  Copyright (C) 2005-2009 the VideoLAN team
<  $Id$
< 
<  Authors: Antoine Cellerier <dionoea -at- videolan -dot- org>
< 
<  This program is free software; you can redistribute it and/or modify
<  it under the terms of the GNU General Public License as published by
<  the Free Software Foundation; either version 2 of the License, or
<  (at your option) any later version.
< 
<  This program is distributed in the hope that it will be useful,
<  but WITHOUT ANY WARRANTY; without even the implied warranty of
<  MERCHANTABILITY or FITNESS FOR A PARTICULAR PURPOSE.  See the
<  GNU General Public License for more details.
< 
<  You should have received a copy of the GNU General Public License
<  along with this program; if not, write to the Free Software
<  Foundation, Inc., 51 Franklin Street, Fifth Floor, Boston MA 02110-1301, USA.
< - - - - - - - - - - - - - - - - - - - - - - - - - - - - - - - - - - - -->
]]?>
<?vlc

local input = _GET['input']
local command = _GET['command']
local id = tonumber(_GET['id'] or -1)
local val = _GET['val']
local options = _GET['option']
if type(options) ~= "table" then -- Deal with the 0 or 1 option case
  options = { options }
end

---[[]] vlc.msg.err("requests/status.xml got:","input: "..tostring(input),"command: "..tostring(command),"id: "..tostring(id),"val: "..tostring(val))

local function stripslashes(s)
  return string.gsub(s,"\\(.)","%1")
end

local status = vlc.playlist.status()

if command == "in_play" then
  --[[
  vlc.msg.err( "<options>" )
  for a,b in ipairs(options) do
    vlc.msg.err(b)
  end
  vlc.msg.err( "</options>" )
  --]]
  vlc.playlist.add({{path=stripslashes(input),options=options}})
elseif command == "in_enqueue" then
  vlc.playlist.enqueue({{path=stripslashes(input),options=options}})
elseif command == "pl_play" then
  vlc.playlist.goto(id)
elseif command == "pl_pause" then
  vlc.playlist.pause()
elseif command == "pl_stop" then
  vlc.playlist.stop()
elseif command == "pl_next" then
  vlc.playlist.next()
elseif command == "pl_previous" then
  vlc.playlist.prev()
elseif command == "pl_delete" then
  vlc.msg.err("FIXME: pl_delete unimplemented")
  --vlc.playlist.delete(id)
elseif command == "pl_empty" then
  vlc.playlist.clear()
elseif command == "pl_sort" then
  vlc.playlist.sort( val, id > 0 )
elseif command == "pl_random" then
  vlc.playlist.random()
elseif command == "pl_loop" then
  vlc.playlist.loop()
elseif command == "pl_repeat" then
  vlc.playlist.repeat_()
elseif command == "pl_sd" then
  if vlc.sd.is_loaded(val) then
    vlc.sd.remove(val)
  else
    vlc.sd.add(val)
  end
elseif command == "fullscreen" then
  vlc.video.fullscreen()
elseif command == "snapshot" then
  common.snapshot()
elseif command == "volume" then
  common.volume(val)
elseif command == "seek" then
  common.seek(val)
elseif command == "key" then
  common.hotkey("key-"..val)
end

local input = nil
local command = nil
local id = nil
local val = nil

local input = vlc.object.input()
local item = vlc.input.item()
local playlist = vlc.object.playlist()
local vout = input and vlc.object.find(input,'vout','child')
?>
<root>
  <volume><?vlc print(vlc.volume.get()) ?></volume>
  <length><?vlc if input then print(math.floor(vlc.var.get(input,"length"))) else print(0) end?></length>
  <time><?vlc if input then print(math.floor(vlc.var.get(input,"time"))) else print(0) end?></time>
  <state><?vlc print(status) ?></state>
  <position><?vlc if input then print(vlc.var.get(input,"position")) else print(0) end?></position>
  <fullscreen><?vlc if vout then vlc.var.get(vout,"fullscreen") else print(0) end?></fullscreen>
  <random><?vlc print(vlc.var.get(playlist,"random")) ?></random>
  <loop><?vlc print(vlc.var.get(playlist,"loop")) ?></loop>
  <repeat><?vlc print(vlc.var.get(playlist,"repeat")) ?></repeat>
  <information>
    <category name="meta">
    <?vlc
      if item then
        local metas = item:metas()
        for k,v in pairs(metas) do
          print("<info name='"..k.."'>"..vlc.strings.convert_xml_special_chars(v).."</info>")
        end
      end
    ?>
    </category>
  <?vlc
    if item then
      local info = item:info()
      for k, v in pairs(info) do
        print("<category name='"..k.."'>")
          for k2, v2 in pairs(v) do
            print("<info name='"..k2.."'>"..vlc.strings.convert_xml_special_chars(v2).."</info>")
          end
        print("</category>")
      end
    end
  ?>
  </information>
  <stats>
  <?vlc
    if item then
      local stats = item:stats()
      for k,v in pairs(stats) do
        local tag = string.gsub(k,"_","")
        print("<"..tag..">"..tostring(v).."</"..tag..">\n")
      end
    end
  ?>
  </stats>
</root>
